date,open,high,low,close,Volume
2015-01-02,103.0442,103.0904,99.3069,101.1385,53204626
2015-01-05,100.1765,100.5095,97.5122,98.2893,64285491
2015-01-06,98.5576,99.3809,96.7907,98.2985,65797116
2015-01-07,99.1681,100.0932,98.701,99.6769,40105934
2015-01-08,101.046,103.7472,100.5557,103.5067,59364547
2015-01-09,104.2283,104.7648,101.9526,103.6177,53699527
2015-01-12,104.1635,104.1913,100.6482,101.0645,49650790
2015-01-13,103.0812,104.3485,100.75,101.9618,67091928
2015-01-14,100.8703,102.2116,100.3707,101.5733,48956588
2015-01-15,101.7583,101.8138,98.6686,98.8166,60013996
2015-01-16,99.0109,99.5196,97.318,98.0488,78513345
2015-01-20,99.7602,100.8025,98.5206,100.5742,49899907
2015-01-21,100.787,102.7389,100.1579,101.342,48575897
2015-01-22,101.9989,104.0433,101.4993,103.9785,53796409
2015-01-23,103.886,105.2274,103.1737,104.5151,46464828
2015-01-26,105.2181,105.7941,104.3485,104.6261,55614979
2015-01-27,103.997,104.0525,100.861,100.9628,95568749
2015-01-28,108.812,109.2699,106.6705,106.6705,146477063
2015-01-29,107.6048,110.2598,106.9018,109.9915,84436432
2015-01-30,109.529,111.0091,108.0951,108.3819,83745461
2015-02-02,109.2052,110.2413,107.3828,109.7417,62739100
2015-02-03,109.6215,110.1673,108.7982,109.7602,51915749
2015-02-04,109.6215,111.4809,109.4448,110.6021,70149743
2015-02-05,111.4658,111.6608,110.7506,111.3915,42246245
2015-02-06,111.4658,111.6794,110.0077,110.4534,43706567
2015-02-09,110.1005,111.2986,109.9891,111.1871,38889797
2015-02-10,111.6051,113.444,111.5958,113.3232,62008506
2015-02-11,114.0198,116.0165,113.769,115.9794,73561797
2015-02-12,117.0753,118.3941,116.6202,117.4468,74474466
2015-02-13,118.2083,118.2083,116.6945,118.0226,54272219
2015-02-17,118.4033,119.6943,117.874,118.7191,63152405
2015-02-18,118.5287,119.6014,118.3662,119.541,44891737
2015-02-19,119.3228,119.8336,119.1835,119.2949,37362381
2015-02-20,119.4528,120.2701,118.9234,120.2654,48948419
2015-02-23,120.753,123.5206,120.4187,123.5206,70974110
2015-02-24,123.4649,124.0779,121.8211,122.7498,69228130
2015-02-25,122.1833,122.2204,119.0163,119.6107,74711746
2015-02-26,119.606,121.5424,117.5861,121.1199,91287529
2015-02-27,120.7345,121.2638,119.0999,119.3042,62014847
2015-03-02,120.0379,120.9945,119.1556,119.8893,48096663
2015-03-03,119.7686,120.2887,118.9606,120.1401,37816283
2015-03-04,119.8986,120.3258,119.1742,119.3785,31666340
2015-03-05,119.4157,119.5735,116.7967,117.4003,56517146
2015-03-06,119.2485,120.1494,117.261,117.5768,72842060
2015-03-09,118.8399,120.3351,116.1465,118.0783,88528487
2015-03-10,117.4003,118.1526,114.9763,115.6357,68856582
2015-03-11,115.8586,115.8772,113.4068,113.5275,68938974
2015-03-12,113.5925,115.9979,112.961,115.58,48362719
2015-03-13,115.5336,116.4578,113.8433,114.7813,51827283
2015-03-16,115.0506,116.0444,114.1126,116.0444,35874300
2015-03-17,116.9267,118.2455,116.6945,117.9854,51023104
2015-03-18,117.9483,119.9543,117.3632,119.3135,65270945
2015-03-19,119.5735,120.0334,118.3198,118.408,45809490
2015-03-20,119.1092,119.2485,116.2394,116.9267,68695136
2015-03-23,118.0597,118.7377,117.5025,118.1433,37709674
2015-03-24,118.1619,118.9141,117.5396,117.6604,32842304
2015-03-25,117.5211,117.7811,114.5863,114.5863,51655177
2015-03-26,114.0105,115.9794,113.8619,115.385,47572869
2015-03-27,115.6915,115.8122,114.1498,114.4655,39546151
2015-03-30,115.2085,117.391,115.1621,117.3632,47099670
2015-03-31,117.1031,117.4746,115.4918,115.5614,42090553
2015-04-01,115.9236,116.2023,114.3262,115.3943,40621437
2015-04-02,116.1187,116.6109,115.3386,116.388,32220131
2015-04-06,115.5986,118.4219,115.4686,118.2733,37193975
2015-04-07,118.5427,118.9901,117.001,117.0288,35012268
2015-04-08,116.8802,117.391,116.063,116.6481,37329243
2015-04-09,116.8802,117.5582,115.7751,117.5396,32483974
2015-04-10,116.9731,118.1433,116.3323,118.0411,40187953
2015-04-13,119.2206,119.4064,117.5861,117.809,36365123
2015-04-14,117.9483,118.2176,116.936,117.2982,25524593
2015-04-15,117.4003,118.069,117.0288,117.744,28970419
2015-04-16,117.2796,118.0411,117.1217,117.1774,28368987
2015-04-17,116.6016,117.1496,115.5893,115.8586,51957046
2015-04-20,116.6202,118.9884,116.2487,118.5055,47054310
2015-04-21,118.9699,119.0627,117.6418,117.8647,32435057
2015-04-22,117.939,119.685,117.3167,119.4528,37654505
2015-04-23,119.1556,121.1245,119.007,120.428,45770902
2015-04-24,121.1895,121.3196,120.0193,120.9945,44525905
2015-04-27,122.8798,123.6414,121.8025,123.1956,96954207
2015-04-28,124.8719,124.9509,120.3351,121.2545,118923970
2015-04-29,120.883,122.2111,119.1556,119.4714,63386083
2015-04-30,118.4126,118.7656,115.7008,116.2301,83195423
2015-05-01,117.1124,120.8552,116.3694,119.7593,58512638
2015-05-04,120.2701,121.2638,119.1185,119.5271,50988278
2015-05-05,119.0163,119.2947,116.8152,116.8338,49271416
2015-05-06,117.5396,117.7161,114.5677,116.1001,72141010
2015-05-07,116.3613,117.583,115.6618,116.8183,43940895
2015-05-08,118.1426,119.0192,117.611,119.0192,55550382
2015-05-11,118.8047,118.9632,117.1587,117.8068,42035757
2015-05-12,117.1353,118.3291,116.4079,117.3825,48160032
2015-05-13,117.6483,118.6182,117.3871,117.5177,34694235
2015-05-14,118.8234,120.2596,118.5902,120.2596,45203456
2015-05-15,120.3715,120.7632,119.5694,120.0917,38208034
2015-05-18,119.728,121.9103,119.7093,121.416,50882918
2015-05-19,121.8823,122.0595,120.9031,121.3041,44633240
2015-05-20,121.2388,122.1528,120.6233,121.2948,36454932
2015-05-21,121.3041,122.759,121.0803,122.5351,39730364
2015-05-22,122.731,124.0086,122.5445,123.6076,45595972
2015-05-26,123.6636,123.9527,120.4181,120.8844,70697560
2015-05-27,121.5559,123.3465,121.2854,123.146,45833246
2015-05-28,122.9735,123.0574,122.2647,122.8988,30733309
2015-05-29,122.3859,122.5911,121.1455,121.4999,50884452
2015-06-01,122.3579,122.5351,121.2854,121.7378,32112797
2015-06-02,121.1082,121.8497,120.6046,121.2015,33667627
2015-06-03,121.8543,122.1155,121.1455,121.3507,30983542
2015-06-04,120.8471,121.7797,120.2223,120.6419,38450118
2015-06-05,120.7725,120.9497,119.7093,119.9798,35626800
2015-06-08,120.2129,120.502,118.2824,119.1871,52674786
2015-06-09,118.1612,119.4482,117.154,118.8327,56075420
2015-06-10,119.299,120.6233,119.2337,120.1943,39087250
2015-06-11,120.4741,121.4067,119.8166,119.9238,35390887
2015-06-12,119.5461,119.6814,118.5436,118.5995,36886246
2015-06-15,117.6016,118.6648,117.2379,118.3664,43988946
2015-06-16,118.469,119.2337,117.8534,119.0006,31494131
2015-06-17,119.1125,119.2617,118.1985,118.7208,32918071
2015-06-18,118.6555,119.6627,118.6462,119.2617,35407220
2015-06-19,119.1031,119.2057,117.8814,118.0679,54716887
2015-06-22,118.898,119.4296,118.5156,119.0099,34039345
2015-06-23,118.8886,119.0099,118.3283,118.469,30268863
2015-06-24,118.6368,121.0523,118.5529,119.4762,55280855
2015-06-25,120.1756,120.4927,118.9073,118.9073,31938100
2015-06-26,119.0658,119.3643,117.984,118.2078,44066841
2015-06-29,117.0048,117.9467,116.0908,116.1375,49161427
2015-06-30,117.1074,117.6203,116.4452,116.9721,44370682
2015-07-01,118.3477,118.385,117.4991,118.0679,30238811
2015-07-02,117.9094,118.1519,117.2939,117.9187,27210952
2015-07-06,116.5198,117.7229,116.4359,117.5084,28060431
2015-07-07,117.4058,117.6483,115.4287,117.2193,46946811
2015-07-08,116.0908,116.24,114.2816,114.3095,60761614
2015-07-09,115.5033,115.6991,111.1853,111.978,78595038
2015-07-10,113.722,115.5033,113.0412,114.9717,61354474
2015-07-13,116.6038,117.2799,115.9416,117.1913,41440538
2015-07-14,117.5457,117.8534,116.6131,117.1447,31768139
2015-07-15,117.2473,118.5809,117.1167,118.2731,33649200
2015-07-16,119.1311,119.9052,118.7674,119.8492,36222447
2015-07-17,120.3808,120.8844,119.6627,120.8844,46164710
2015-07-20,122.1434,124.0086,121.8916,123.1693,58900203
2015-07-21,123.8967,123.962,121.5372,121.9383,76756427
2015-07-22,113.7686,117.0421,113.7686,116.7809,115450607
2015-07-23,117.6949,118.5249,116.6317,116.725,50999452
2015-07-24,116.8742,117.2659,115.5499,116.1095,42162332
2015-07-27,114.7945,115.2795,113.8899,114.4961,44455540
2015-07-28,115.065,115.5592,114.2909,115.065,33618097
2015-07-29,114.8505,115.1769,114.0298,114.7012,37011653
2015-07-30,114.0764,114.3094,113.5075,114.123,33628268
2015-07-31,114.3375,114.3772,112.7614,113.1251,42884953
2015-08-03,113.3117,114.3095,109.5999,110.4579,69975968
2015-08-04,109.5066,109.7678,105.6177,106.914,124138623
2015-08-05,105.3379,109.5253,104.5452,107.6228,99312613
2015-08-06,108.6439,109.1404,106.9061,107.857,52903040
2015-08-07,107.3417,108.9062,107.2668,108.2223,38670405
2015-08-10,109.1685,112.4099,109.1685,112.157,54951597
2015-08-11,110.3677,110.7143,106.1707,106.3206,97082814
2015-08-12,105.4212,108.1286,102.7044,107.96,101685610
2015-08-13,108.7095,109.0467,107.3042,107.8757,48535789
2015-08-14,107.0981,108.9624,106.8077,108.6345,42929516
2015-08-17,108.7095,110.2178,108.2036,109.7587,40884745
2015-08-18,109.0748,110.021,108.6814,109.1404,34560708
2015-08-19,108.7657,109.1591,107.4354,107.7445,48286510
2015-08-20,106.8733,107.1262,104.5781,105.5336,68501622
2015-08-21,103.4539,104.831,98.9711,99.0789,128275471
2015-08-24,88.8768,101.9268,86.1881,96.6057,162206292
2015-08-25,104.0909,104.0909,96.9617,97.1865,103601599
2015-08-26,100.3202,102.948,98.4137,102.7606,96774611
2015-08-27,105.1589,106.0864,103.0698,105.7866,84616056
2015-08-28,105.0839,106.1519,104.4937,106.1332,53164407
2015-08-31,105.0465,107.2949,104.9247,105.6367,56229271
2015-09-01,103.2197,104.8123,100.5778,100.9151,76845860
2015-09-02,103.051,105.2432,102.2369,105.2432,61888812
2015-09-03,105.3837,105.6554,103.0885,103.3977,53233940
2015-09-04,102.0861,103.4726,101.6552,102.3671,49996311
2015-09-08,104.5968,105.4493,103.3508,105.2151,54843626
2015-09-09,106.5735,106.8171,102.8356,103.1916,85010804
2015-09-10,103.304,106.1262,102.9573,105.4587,62892831
2015-09-11,104.728,106.9951,104.6998,106.9951,49915473
2015-09-14,109.2154,109.5058,107.604,108.0256,58363431
2015-09-15,108.6064,109.1685,107.1918,108.9343,43341155
2015-09-16,108.9062,109.1779,108.1474,109.0561,37173489
2015-09-17,108.3535,109.131,106.5313,106.7234,64112641
2015-09-18,105.1214,107.0794,104.8029,106.2831,74285291
2015-09-21,106.4892,108.0818,106.4798,107.9319,50221965
2015-09-22,106.2175,106.967,105.4119,106.2362,50346159
2015-09-23,106.4517,107.4729,106.1426,107.0981,35756716
2015-09-24,106.0957,108.2036,105.2713,107.7352,50219475
2015-09-25,109.0842,109.3184,106.8171,107.4635,56151926
2015-09-28,106.6578,107.3323,105.3369,105.3369,52109011
2015-09-29,105.7023,106.3393,101.0462,102.1704,73365384
2015-09-30,103.2103,104.4937,101.8613,103.3321,66473033
2015-10-01,102.1798,102.695,100.531,102.6576,63929100
2015-10-02,101.1867,104.0006,100.7558,103.407,58019758
2015-10-05,102.9386,104.3343,102.1798,103.7818,52064743
2015-10-06,103.6412,104.6811,102.8309,104.2783,48856977
2015-10-07,104.6811,104.7092,102.4983,103.7818,46765550
2015-10-08,103.229,103.229,101.3741,102.5826,61979577
2015-10-09,103.051,105.187,102.5732,105.0371,52766140
2015-10-12,105.6086,105.6273,104.4001,104.55,30467204
2015-10-13,103.8192,105.3463,103.6881,104.728,33049256
2015-10-14,104.2595,104.475,102.6388,103.2478,44462449
2015-10-15,103.9223,105.0184,103.5101,104.7935,37673452
2015-10-16,104.7186,104.9247,103.5475,104.0253,39232609
2015-10-19,103.8005,104.6905,103.1541,104.6717,29759153
2015-10-20,104.3064,106.9576,103.8192,106.5829,48967763
2015-10-21,106.7983,108.2785,106.5173,106.5735,42326974
2015-10-22,107.1075,108.2036,106.892,108.2036,41654089
2015-10-23,109.3278,111.6961,108.9811,111.5574,59366914
2015-10-26,110.6206,110.6674,107.6602,107.9975,66333781
2015-10-27,108.1099,109.1779,106.789,107.3136,69884400
2015-10-28,109.5432,111.7635,108.7282,111.7354,85551352
2015-10-29,111.2014,113.0657,110.7986,112.9158,51227334
2015-10-30,113.3468,113.5622,111.9041,111.9509,49365254
2015-11-02,112.2975,113.6934,112.0539,113.5248,32203267
2015-11-03,113.1594,115.6888,113.0751,114.827,45518976
2015-11-04,115.3516,115.998,113.937,114.293,44886050
2015-11-05,114.641,115.4313,113.0698,113.7661,39552680
2015-11-06,113.9448,114.6034,113.4838,113.8978,33042283
2015-11-09,113.8037,114.6034,112.9475,113.4368,33871405
2015-11-10,109.9839,111.0847,109.1945,109.8616,59127931
2015-11-11,109.4852,110.4731,108.3939,109.2406,45217971
2015-11-12,109.3818,109.9086,108.8078,108.8737,32525579
2015-11-13,108.3845,108.7326,105.6278,105.6937,45812403
2015-11-16,104.7905,107.4813,104.433,107.4201,38106701
2015-11-17,108.121,108.2433,106.6157,106.9638,27616939
2015-11-18,108.9113,110.539,108.6667,110.3508,46674697
2015-11-19,110.6801,112.6653,109.8522,111.7527,43295820
2015-11-20,112.1478,112.8252,111.8185,112.2419,34287096
2015-11-23,112.2137,112.6465,110.3979,110.7836,32482528
2015-11-24,110.3885,112.2889,110.1909,111.8468,42803172
2015-11-25,112.1572,112.176,110.9435,111.047,21388308
2015-11-27,111.2917,111.4046,110.6425,110.8401,13046445
2015-11-30,111.0094,112.3454,110.7836,111.3011,39180322
2015-12-01,111.7244,111.7809,109.9463,110.3979,34852374
2015-12-02,110.125,111.1223,109.2124,109.4006,33386563
2015-12-03,109.6546,109.8804,107.4624,108.3845,41569509
2015-12-04,108.4691,112.1949,108.2998,111.9879,57776977
2015-12-07,111.9408,112.7688,110.8401,111.2822,32084249
2015-12-08,110.5672,111.5833,109.9463,111.2352,34309450
2015-12-09,110.6801,110.7272,108.2716,108.7796,46361357
2015-12-10,109.1748,110.0215,108.6761,109.2971,29212727
2015-12-11,108.3751,108.5632,106.1744,106.484,46886161
2015-12-14,105.5431,106.0136,103.2945,105.8254,65003609
2015-12-15,105.3173,106.1265,103.8214,103.9531,53323105
2015-12-16,104.4988,105.3644,102.3631,104.7528,56238467
2015-12-17,105.3926,105.609,102.5325,102.5325,44772827
2015-12-18,102.4666,103.0405,99.55,99.757,96453327
2015-12-21,100.933,101.0177,99.3242,100.9801,47590610
2015-12-22,101.0459,101.347,100.1531,100.886,32789367
2015-12-23,100.9236,102.4102,100.8578,102.1844,32657354
2015-12-24,102.5513,102.5513,101.5634,101.6387,13596680
2015-12-28,101.2247,101.3188,99.8988,100.5002,26704210
2015-12-29,100.632,102.9558,100.5379,102.3067,30931243
2015-12-30,102.1561,102.269,100.839,100.9707,25213777
2015-12-31,100.679,100.6978,98.6186,99.0325,40912316
2016-01-04,96.5393,99.1342,95.9654,99.1172,67649387
2016-01-05,99.4936,99.5876,96.3512,96.6334,55790992
2016-01-06,94.6106,96.3135,93.9614,94.7423,68457388
2016-01-07,92.8418,94.206,90.725,90.7438,81094428
2016-01-08,92.7195,93.2464,91.0354,91.2236,70798016
2016-01-11,93.1147,93.1994,91.5811,92.7007,49739377
2016-01-12,94.6012,94.7329,92.9923,94.0461,49154227
2016-01-13,94.3848,95.2033,91.5435,91.6282,62439631
2016-01-14,92.1644,94.5353,90.0758,93.6321,63170127
2016-01-15,90.5086,91.9292,89.7183,91.3835,79833891
2016-01-19,92.5878,92.8136,89.85,90.9413,53087747
2016-01-20,89.4736,92.3805,87.893,91.0637,72334416
2016-01-21,91.3177,92.0892,89.3231,90.6026,52161463
2016-01-22,92.7948,95.4574,92.5502,95.4197,65800467
2016-01-25,95.5138,95.5232,93.3405,93.5569,51794525
2016-01-26,94.0179,94.9117,92.2679,94.0743,75077002
2016-01-27,90.358,90.9121,87.8178,87.893,133369674
2016-01-28,88.2411,88.928,86.924,88.5234,55678825
2016-01-29,89.182,91.5811,88.768,91.5811,64416504
2016-02-01,90.7626,90.9884,89.7559,90.725,40943541
2016-02-02,89.7747,90.358,88.7022,88.8903,37357215
2016-02-03,89.3796,91.1107,88.514,90.6497,45964294
2016-02-04,90.6781,92.0686,90.0443,91.3781,46471652
2016-02-05,91.3024,91.6808,88.6254,88.9375,46418064
2016-02-08,88.0956,90.5267,88.0105,89.874,54021375
2016-02-09,89.1929,90.7537,88.8524,89.8551,44331195
2016-02-10,90.7348,91.1416,89.0132,89.174,42343601
2016-02-11,88.72,89.5997,87.5848,88.6348,50074711
2016-02-12,89.0983,89.3916,87.9821,88.9092,40351381
2016-02-16,89.8835,91.6145,89.4956,91.4159,49057916
2016-02-17,91.4443,92.901,90.9524,92.8159,44863243
2016-02-18,93.497,93.5443,90.8966,91.0564,39020983
2016-02-19,90.8105,91.5293,90.6213,90.8483,35374173
2016-02-22,91.1037,91.6618,90.7348,91.6429,34280758
2016-02-23,91.1889,91.2835,89.4389,89.5713,31942633
2016-02-24,88.8997,91.17,88.2754,90.9051,36255745
2016-02-25,90.8578,91.5294,90.101,91.5294,27582659
2016-02-26,91.9456,92.7248,91.3591,91.6713,28991131
2016-02-29,91.624,92.9199,91.4254,91.4632,35216277
2016-03-01,92.3713,95.3226,92.1537,95.0956,50407147
2016-03-02,95.0767,95.4362,94.2537,95.3037,33169560
2016-03-03,95.1429,96.2117,95.0199,96.0132,36955742
2016-03-04,96.8362,98.1415,95.8902,97.4416,46055100
2016-03-07,96.8551,97.2713,95.5024,96.3632,35915810
2016-03-08,95.3321,96.2591,94.9726,95.5686,31561889
2016-03-09,95.8334,96.0889,94.8497,95.6537,27201683
2016-03-10,95.928,96.7132,94.7362,95.701,33513577
2016-03-11,96.7132,96.751,96.0132,96.7321,27408237
2016-03-14,96.401,97.347,96.278,96.978,25076062
2016-03-15,98.3402,99.4942,98.2361,98.9267,40067734
2016-03-16,98.9551,100.5632,98.9361,100.2415,38303493
2016-03-17,99.8159,100.7145,99.2861,100.0807,34420705
2016-03-18,100.5915,100.7429,99.5037,100.1942,44205171
2016-03-21,100.2037,101.8307,99.4565,100.1848,35502678
2016-03-22,99.5605,101.4902,99.5226,100.951,32444375
2016-03-23,100.724,101.2821,100.1753,100.3929,25703495
2016-03-24,99.7686,100.5064,99.2199,99.9578,26132955
2016-03-28,100.2699,100.4496,99.3807,99.5037,19411372
2016-03-29,99.2199,101.9632,99.2105,101.8591,31190083
2016-03-30,102.7767,104.451,102.7294,103.6375,45601149
2016-03-31,103.7888,103.9591,102.9942,103.0983,25888449
2016-04-01,102.8996,104.0537,102.351,104.0442,25873950
2016-04-04,104.451,106.1253,104.3091,105.1131,37356204
2016-04-05,103.5902,104.7442,103.505,103.874,26578652
2016-04-06,104.2713,104.9807,103.2969,104.9618,26404077
2016-04-07,104.0064,104.451,102.2763,102.6726,31801870
2016-04-08,103.0226,103.8361,102.3226,102.7861,23581740
2016-04-11,103.0794,104.6307,102.9469,103.1267,29407518
2016-04-12,103.4294,104.5267,102.7861,104.4699,27232325
2016-04-13,104.8104,106.2672,104.8104,105.9834,33257316
2016-04-14,105.5861,106.3145,105.3118,106.0402,25473923
2016-04-15,106.0496,106.2294,103.7983,103.9118,46938969
2016-04-18,103.0037,103.0605,101.1591,101.6699,60821461
2016-04-19,102.0483,102.1618,100.4875,101.1307,32384879
2016-04-20,100.8753,102.2469,100.3267,101.3388,30611030
2016-04-21,101.1496,101.1496,99.8159,100.2415,31552525
2016-04-22,99.3334,100.724,98.9645,99.9672,33683121
2016-04-25,99.324,99.9388,98.8605,99.3997,28031588
2016-04-26,98.2929,99.6078,98.2929,98.7091,56016165
2016-04-27,90.8105,93.374,90.5078,92.5321,114602142
2016-04-28,92.3335,92.5889,89.1551,89.7037,82242690
2016-04-29,88.9092,89.5997,87.5092,88.6727,68531478
2016-05-02,88.8855,88.9943,87.4051,88.5781,48160104
2016-05-03,89.1078,90.5646,88.6159,90.0348,56831277
2016-05-04,90.0537,90.7159,88.7483,89.0983,41025475
2016-05-05,89.46,89.5266,88.2038,88.7367,35890500
2016-05-06,88.8604,88.9366,87.4139,88.2418,43699886
2016-05-09,88.5083,89.2411,88.1181,88.3085,32936436
2016-05-10,88.8224,89.0508,87.6613,88.908,33686836
2016-05-11,88.9651,89.0508,87.9944,88.042,28719109
2016-05-12,88.2418,88.2989,85.1488,85.9768,76314690
2016-05-13,85.6532,87.2426,85.6532,86.1481,44392765
2016-05-16,87.9278,89.8312,87.2235,89.3458,61259756
2016-05-17,89.9835,90.1262,88.5178,88.9747,46916939
2016-05-18,89.6123,90.6116,89.3553,89.993,42062391
2016-05-19,90.0691,90.0691,89.0508,89.6504,30442100
2016-05-20,90.0691,90.821,89.9549,90.6211,32025968
2016-05-23,91.2397,92.496,91.0494,91.7727,38018643
2016-05-24,92.5245,93.3525,92.1629,93.1717,35140174
2016-05-25,93.9045,94.9228,93.3715,94.8086,38642108
2016-05-26,94.8657,95.865,93.8759,95.5604,56331159
2016-05-27,94.6373,95.6175,94.4517,95.5033,36341240
2016-05-31,94.7896,95.5509,94.0472,95.037,42307212
2016-06-01,94.2376,94.7325,93.5809,93.7046,29173285
2016-06-02,92.8861,93.1146,91.963,93.0004,40191600
2016-06-03,93.067,93.5238,92.7434,93.1907,28504888
2016-06-06,93.2573,96.969,92.8386,93.8664,23292504
2016-06-07,94.4565,95.0465,94.1805,94.2471,22409450
2016-06-08,94.2376,94.7515,93.914,94.1614,20848131
2016-06-09,93.7427,95.1607,93.7046,94.8371,26601354
2016-06-10,93.7712,94.5475,93.7236,94.0567,31712936
2016-06-13,93.9235,94.3327,92.4103,92.6387,38020494
2016-06-14,92.6197,93.7189,92.0772,92.7529,31931944
2016-06-15,93.0955,93.657,92.3437,92.4484,29445227
2016-06-16,91.7917,93.0289,91.43,92.8386,31326815
2016-06-17,91.9535,91.982,90.6972,90.7258,61008219
2016-06-20,91.3634,91.9059,90.4403,90.5069,34411901
2016-06-21,90.3546,91.6965,90.1034,91.2778,35546358
2016-06-22,91.6014,92.2104,90.7448,90.9352,29219122
2016-06-23,91.3063,91.6394,90.6496,91.4586,32240187
2016-06-24,88.4227,90.0834,88.1752,88.889,75311356
2016-06-27,88.5083,88.5559,87.0808,87.5947,46622188
2016-06-28,88.4131,89.1364,87.6899,89.0698,40444914
2016-06-29,89.4315,89.9835,89.1079,89.8407,36531006
2016-06-30,89.8788,91.1445,89.7455,90.9827,35836356
2016-07-01,90.8781,91.806,90.7258,91.2587,26026540
2016-07-05,90.7829,90.7924,89.8978,90.4022,27705210
2016-07-06,90.031,91.0398,89.8122,90.9161,30949090
2016-07-07,91.0779,91.8393,91.0018,91.3063,25139558
2016-07-08,91.8298,92.2104,91.411,92.0106,28912103
2016-07-11,92.0772,92.9337,92.0582,92.2961,23794945
2016-07-12,92.4769,92.9813,92.4293,92.7148,24167463
2016-07-13,92.7053,92.9528,92.1629,92.1914,25892171
2016-07-14,92.6863,94.209,92.6197,94.0187,38918997
2016-07-15,94.1424,94.504,93.7427,94.0092,30136990
2016-07-18,93.933,95.294,93.8379,95.0084,36493867
2016-07-19,94.7515,95.1702,94.5421,95.0465,23779924
2016-07-20,95.1702,95.608,94.918,95.1322,26275968
2016-07-21,95.0084,96.1219,94.3423,94.6278,32702028
2016-07-22,94.466,94.504,93.5619,93.895,28313669
2016-07-25,93.5048,94.0663,92.239,92.6387,40382921
2016-07-26,92.1438,93.2383,91.7631,92.0011,56239822
2016-07-27,99.2292,99.3101,97.7874,97.9778,92344820
2016-07-28,97.8636,99.4053,97.854,99.3006,39869839
2016-07-29,99.1579,99.5005,98.6725,99.1769,27733688
2016-08-01,99.3672,101.0232,99.3672,100.928,38167871
2016-08-02,100.928,100.9471,98.977,99.4339,33816556
2016-08-03,99.7479,100.7282,99.7099,100.6806,30202641
2016-08-04,101.0251,101.4269,100.738,101.3025,27408650
2016-08-05,101.6853,103.0058,101.5992,102.8431,40553402
2016-08-08,102.8814,103.6947,102.5369,103.6947,28037220
2016-08-09,103.5607,104.2401,103.3502,104.1157,26315204
2016-08-10,104.02,104.2018,103.111,103.3407,24008505
2016-08-11,103.8382,104.2305,103.1971,103.2737,27484506
2016-08-12,103.1301,103.7617,103.1301,103.5129,18660434
2016-08-15,103.4746,104.8142,103.4172,104.7568,25868209
2016-08-16,104.9003,105.4744,104.4985,104.6611,33794448
2016-08-17,104.3932,104.6516,103.666,104.508,25355976
2016-08-18,104.5176,104.8716,104.3166,104.3741,21984703
2016-08-19,104.0774,104.9577,103.6851,104.642,25368072
2016-08-22,104.1636,104.3932,103.1971,103.8287,25820230
2016-08-23,103.9052,104.6037,103.8478,104.154,21257669
2016-08-24,103.8813,104.0583,103.0345,103.3694,23675081
2016-08-25,102.757,103.2258,102.0776,102.9292,25086248
2016-08-26,102.7761,103.2928,101.7236,102.3264,27766291
2016-08-29,102.0202,102.8048,101.7044,102.2116,24970300
2016-08-30,101.2356,101.9054,100.9485,101.4269,24863945
2016-08-31,101.1016,101.9723,101.0825,101.5226,29662406
2016-09-01,101.5609,102.1924,101.0633,102.1254,26701523
2016-09-02,103.0536,103.3407,102.2116,103.0823,26802450
2016-09-06,103.245,103.6277,102.8718,103.0536,26880391
2016-09-07,103.178,104.0679,102.4508,103.6851,42364328
2016-09-08,102.623,102.6422,100.6997,100.9676,53002026
2016-09-09,100.1256,101.159,98.6808,98.6808,46556984
2016-09-12,98.2215,101.159,98.1066,100.8911,45292770
2016-09-13,102.8718,104.0966,102.6134,103.2928,62176190
2016-09-14,104.0392,108.1536,103.9148,106.948,112340318
2016-09-15,108.9478,110.7372,108.5938,110.5841,90613177
2016-09-16,110.1535,111.1199,109.1201,109.9621,79886911
2016-09-19,110.2205,111.1677,108.3642,108.6799,47023046
2016-09-20,108.1728,109.1966,107.6561,108.6704,34514269
2016-09-21,108.9383,109.0713,107.5901,108.6512,36003185
2016-09-22,109.4167,109.9812,109.0818,109.6751,31073984
2016-09-23,109.4837,109.8377,106.7375,107.8475,52481151
2016-09-26,106.8236,108.4981,106.7375,108.0101,29869442
2016-09-27,108.1249,108.2972,107.4934,108.2111,24607412
2016-09-28,108.7852,109.6942,108.5364,109.034,29641085
2016-09-29,108.278,108.8904,106.9767,107.3403,35886990
2016-09-30,107.6082,108.479,106.9767,108.1728,36379106
2016-10-03,107.8475,108.1728,107.436,107.6656,21701760
2016-10-04,108.1824,109.3784,107.7709,108.1249,29736835
2016-10-05,108.5077,108.7565,107.8283,108.1728,21453089
2016-10-06,108.7947,109.4071,108.2493,108.9765,28779313
2016-10-07,109.3784,109.6176,108.6129,109.1392,24358443
2016-10-10,110.0578,111.7132,109.7707,111.0434,36235956
2016-10-11,112.6222,113.5695,111.1869,111.2826,64041043
2016-10-12,112.2873,112.8901,111.7132,112.2777,37586787
2016-10-13,111.7514,112.3734,110.7276,111.9332,35192406
2016-10-14,112.7944,113.0719,112.0768,112.5552,35652191
2016-10-17,112.2681,112.7561,111.7419,112.4786,23624896
2016-10-18,113.0815,113.1102,112.383,112.4021,24553478
2016-10-19,112.1916,112.6796,108.8904,112.0672,20034594
2016-10-20,111.8184,112.316,111.3113,112.0098,24125801
2016-10-21,111.7706,111.8663,111.2634,111.5696,23192665
2016-10-24,112.0481,112.6604,111.9524,112.5743,23538673
2016-10-25,112.8614,113.2537,112.249,113.1484,48128970
2016-10-26,109.3784,110.7085,108.4216,110.6032,66134219
2016-10-27,110.4118,110.8616,109.1775,109.5411,34562045
2016-10-28,108.9574,110.2396,108.5555,108.8139,37861662
2016-10-31,108.7469,109.3019,108.3163,108.6416,26419398
2016-11-01,108.5651,108.8617,105.7615,106.6801,43825812
2016-11-02,106.594,107.503,106.4313,106.7758,28331709
2016-11-03,106.7373,107.199,105.362,105.6313,26932602
2016-11-04,104.381,106.0352,103.977,104.6791,30836997
2016-11-07,105.8717,106.2853,105.2754,106.1891,32560000
2016-11-08,106.0929,107.449,105.5062,106.8142,24254179
2016-11-09,105.6794,107.0643,103.9193,106.6411,59176361
2016-11-10,106.8431,106.8431,101.7842,103.6693,57134541
2016-11-11,103.0249,104.708,102.4767,104.2848,34143898
2016-11-14,103.5923,103.6875,100.1011,101.6688,51175504
2016-11-15,102.4959,103.5635,102.1009,103.0153,32264510
2016-11-16,102.6209,106.016,102.5247,105.7852,58840522
2016-11-17,105.612,106.1314,104.6695,105.7467,27632003
2016-11-18,105.5255,106.3141,105.4678,105.8525,28428917
2016-11-21,105.9102,107.7087,105.8044,107.4586,29264571
2016-11-22,107.6702,108.1223,107.1412,107.526,25965534
2016-11-23,107.1028,107.247,106.1122,106.9777,27426394
2016-11-25,106.8816,107.5933,106.7085,107.5163,11475922
2016-11-28,107.1701,108.1655,107.1316,107.3047,27193983
2016-11-29,106.545,107.7472,105.8621,107.199,28528750
2016-11-30,107.3336,107.9107,106.0544,106.2949,36162258
2016-12-01,106.1458,106.6988,104.8619,105.3043,37086862
2016-12-02,104.9965,105.8813,104.6887,105.6986,26527997
2016-12-05,105.7948,105.8236,104.1117,104.9388,34324540
2016-12-06,105.3139,106.141,105.0157,105.7467,26195462
2016-12-07,105.0831,106.9393,104.9869,106.7854,29998719
2016-12-08,106.6219,108.1319,106.3718,107.8337,27068316
2016-12-09,108.0165,110.3151,108.0165,109.5938,34402627
2016-12-12,108.959,110.6036,108.1896,108.9686,26374377
2016-12-13,109.488,111.4885,109.4014,110.7864,43733811
2016-12-14,110.6421,111.7577,110.5844,110.7864,34031834
2016-12-15,110.9691,112.2675,110.8248,111.3923,46524544
2016-12-16,112.0174,112.0463,111.224,111.5365,44351134
2016-12-19,111.373,112.8926,111.325,112.1809,27779423
2016-12-20,112.2771,113.008,112.2194,112.4791,21424965
2016-12-21,112.3348,112.9119,112.3156,112.5849,23783165
2016-12-22,111.902,112.0559,111.2192,111.8443,26085854
2016-12-23,111.1711,112.0655,111.1711,112.0655,14249484
2016-12-27,112.0655,113.2966,112.0367,112.7772,18296855
2016-12-28,113.0273,113.5049,111.7577,112.2963,20905892
2016-12-29,111.9982,112.6325,111.9501,112.2675,15039519
2016-12-30,112.1905,112.7195,111.0172,111.3923,30586265
2017-01-03,111.373,111.8828,110.3728,111.7097,28781865
2017-01-04,111.4211,112.0559,111.325,111.5846,21118116
2017-01-05,111.4885,112.3966,111.3827,112.1521,22193587
2017-01-06,112.3156,113.6428,112.0174,113.4024,31751900
2017-01-09,113.4408,114.8643,113.4312,114.4411,33561948
2017-01-10,114.2295,114.8162,113.7775,114.5565,24462051
2017-01-11,114.2006,115.3452,114.066,115.172,27588593
2017-01-12,114.3497,114.7392,113.6909,114.6911,27086220
2017-01-13,114.5565,115.047,114.268,114.4892,26111948
2017-01-17,113.8159,115.6433,113.7005,115.4125,34439843
2017-01-18,115.4125,115.8934,115.1336,115.4029,23712961
2017-01-19,114.8354,115.499,114.8066,115.2009,25597291
2017-01-20,115.8453,115.8453,115.1572,115.4125,32597892
2017-01-23,115.4125,116.1915,115.1913,115.4894,22050218
2017-01-24,114.9797,115.5087,114.9316,115.3836,23211038
2017-01-25,115.8164,117.4322,115.6818,117.2206,32586673
2017-01-26,117.0186,117.7592,116.9513,117.2783,26337576
2017-01-27,117.4707,117.6726,116.9513,117.2879,20562944
2017-01-30,116.3069,116.9802,116.0472,116.9802,30377503
2017-01-31,116.5185,116.7493,116.0088,116.7109,49200993
2017-02-01,122.1737,125.5014,122.1545,123.828,111985040
2017-02-02,123.0826,124.4435,122.895,123.6164,33710411
2017-02-03,123.4048,124.2511,123.2605,124.1454,24507301
2017-02-06,124.1934,125.5111,123.9722,125.3091,26845924
2017-02-07,125.5495,127.0403,125.463,126.5017,38183841
2017-02-08,126.3286,127.1653,126.2035,126.9922,23004072
2017-02-09,127.1661,127.934,126.6541,127.9099,28349859
2017-02-10,127.9485,128.4121,127.5525,127.6201,20065458
2017-02-13,128.5474,129.2622,128.2286,128.7502,23035421
2017-02-14,128.9241,130.4889,128.7116,130.4213,33226223
2017-02-15,130.9043,131.6287,130.0349,130.8946,35623100
2017-02-16,131.0492,131.2713,130.2472,130.7352,22584555
2017-02-17,130.4986,131.2037,130.4986,131.0975,22198197
2017-02-21,131.5901,132.0924,131.3486,132.0441,24507156
2017-02-22,131.7833,132.4498,131.4742,132.4401,20836932
2017-02-23,132.7009,132.7975,131.6577,131.8799,20788186
2017-02-24,131.281,132.0054,130.6724,132.0054,21776585
2017-02-27,132.4691,132.754,131.6384,132.2662,20257426
2017-02-28,132.4111,132.754,132.0441,132.3242,23482860
2017-03-01,133.1935,135.3766,132.9086,135.0288,36414585
2017-03-02,135.2317,135.5008,134.0339,134.2271,26210984
2017-03-03,134.0532,135.0675,133.8697,135.0192,21571121
2017-03-06,134.6183,135.0095,133.8754,134.5942,21750044
2017-03-07,134.3237,135.2124,134.0629,134.768,17446297
2017-03-08,134.2174,135.0385,134.0919,134.2657,18707236
2017-03-09,134.0146,134.0629,132.3822,133.9566,22155904
2017-03-10,134.5072,134.6107,133.918,134.401,19612801
2017-03-13,134.1209,134.6811,134.0919,134.4589,17421717
2017-03-14,134.5555,134.8936,134.1112,134.2561,15309065
2017-03-15,134.6618,135.9562,134.2899,135.676,25691774
2017-03-16,135.9272,136.2169,135.4828,135.8982,19231998
2017-03-17,136.1976,136.1976,135.1254,135.222,43884952
2017-03-20,135.6181,136.6806,135.4538,136.642,21542038
2017-03-21,137.2698,137.9363,134.9709,135.0771,39529912
2017-03-22,135.082,136.7772,134.9999,136.6033,25860165
2017-03-23,136.4488,136.7621,135.8209,136.1203,20346301
2017-03-24,136.6806,136.9124,135.5698,135.8499,22395563
2017-03-27,134.6425,136.4101,133.8987,136.0817,23575094
2017-03-28,136.1107,139.1341,135.8306,138.9023,33374805
2017-03-29,138.7863,139.5688,138.313,139.2114,29189955
2017-03-30,139.279,139.5784,138.6125,139.0278,21207252
2017-03-31,138.825,139.3562,138.1392,138.767,19661651
2017-04-03,138.8153,139.2114,138.1778,138.8057,19985714
2017-04-04,138.371,139.9551,138.2937,139.8392,19891354
2017-04-05,139.308,140.5057,138.9119,139.1148,27717854
2017-04-06,139.3756,139.5977,138.5642,138.767,21149034
2017-04-07,138.8346,139.2693,138.3903,138.4579,16658543
2017-04-10,138.7091,138.9788,138.0329,138.2937,18933397
2017-04-11,138.0715,138.4676,135.2896,136.8062,30379376
2017-04-12,136.7772,137.3085,136.2073,136.9704,20350000
2017-04-13,137.0766,137.5306,136.2459,136.2459,17822880
2017-04-17,136.6613,137.0477,136.0721,136.9994,16582094
2017-04-18,136.5937,137.2022,136.3039,136.3908,14697544
2017-04-19,137.0477,137.1636,135.6664,135.8885,17328375
2017-04-20,136.4101,138.0522,136.3522,137.5886,23319562
2017-04-21,137.5886,137.8204,137.0187,137.4244,17320928
2017-04-24,138.6125,139.0471,138.3034,138.7477,17134333
2017-04-25,139.0085,139.9648,138.9699,139.6074,18871501
2017-04-26,139.5494,139.675,138.4929,138.7863,20041241
2017-04-27,139.0206,139.25,138.4289,138.8926,14246347
2017-04-28,139.1824,139.3852,138.3903,138.7574,20860358
2017-05-01,140.158,142.1865,140.0227,141.5876,33602943
2017-05-02,142.5149,143.0461,141.8387,142.4859,45352194
2017-05-03,140.6313,142.4666,139.3562,142.0512,45697034
2017-05-04,141.5296,142.1285,140.8438,141.5393,23371872
2017-05-05,141.7614,143.9058,141.7614,143.8865,27327725
2017-05-08,143.9541,148.4651,143.9541,147.7986,48752413
2017-05-09,148.6293,149.6049,148.2236,148.7452,39130363
2017-05-10,148.3975,148.6969,146.9292,148.0401,25805692
2017-05-11,147.8655,149.4368,147.7297,149.3204,27255058
2017-05-12,150.0479,151.7161,150.0188,151.4058,32527017
2017-05-15,151.3185,151.9392,150.3873,151.0178,26009719
2017-05-16,151.2506,151.367,150.0673,150.7947,20048478
2017-05-17,148.9809,149.9218,145.2079,145.7317,50767678
2017-05-18,146.721,148.7288,146.5852,147.9528,33568215
2017-05-19,148.7676,149.3495,148.0401,148.4572,26960788
2017-05-22,149.3689,149.9315,148.3117,149.3592,22966437
2017-05-23,150.2418,150.2418,148.6997,149.1749,19918871
2017-05-24,149.2137,149.5338,148.0789,148.7288,19219154
2017-05-25,149.107,149.7084,148.4281,149.2428,19235598
2017-05-26,149.3689,149.6017,148.6997,148.9906,21927637
2017-05-30,148.8063,149.786,148.7191,149.0488,20126851
2017-05-31,149.3398,149.5338,147.7976,148.1662,24451164
2017-06-01,148.5639,148.7191,147.6424,148.5736,16404088
2017-06-02,148.9615,150.7753,148.2923,150.7753,27770715
2017-06-05,149.6987,149.8054,148.8451,149.301,25331662
2017-06-06,149.2719,151.1245,149.1555,149.8054,26624926
2017-06-07,150.3582,151.2894,149.8345,150.6977,21069647
2017-06-08,150.5813,150.8626,149.7569,150.3291,21250798
2017-06-09,150.5231,150.5231,141.6289,144.4999,64882657
2017-06-12,141.3573,141.6968,138.2244,141.0469,72307330
2017-06-13,142.7346,143.0159,140.785,142.1817,34165445
2017-06-14,143.0644,143.0644,139.5144,140.7947,31531232
2017-06-15,139.0101,140.135,137.9335,139.9509,32165373
2017-06-16,139.4562,140.1546,137.9238,137.9917,50361093
2017-06-19,139.3399,142.3272,139.3399,141.9393,32541404
2017-06-20,142.4533,142.4533,140.5814,140.6493,24900073
2017-06-21,141.1439,141.6767,140.2613,141.4834,21265751
2017-06-22,141.3864,142.2884,140.7558,141.2506,19106294
2017-06-23,140.7656,142.7346,140.7462,141.8811,35439389
2017-06-26,142.7443,143.8209,141.0081,141.4349,25692361
2017-06-27,140.6493,141.7647,139.3011,139.4077,24761891
2017-06-28,140.1449,141.7162,138.855,141.4446,22082432
2017-06-29,140.3583,140.7656,138.0014,139.3593,31499368
2017-06-30,140.1061,140.6008,139.4562,139.689,23024107
2017-07-03,140.5232,140.9306,138.7967,139.1847,14277848
2017-07-05,139.369,140.4359,138.4317,139.7569,21569557
2017-07-06,138.7191,139.1847,138.1274,138.4378,24128782
2017-07-07,138.6027,140.3971,138.6027,139.8442,19201712
2017-07-10,139.7763,141.561,139.0586,140.6978,21090636
2017-07-11,140.3777,141.464,140.0382,141.1536,19781836
2017-07-12,141.4834,141.7841,140.465,141.3573,24884478
2017-07-13,141.1245,144.0246,141.0663,143.3263,25199373
2017-07-14,143.5202,144.8393,142.8995,144.5581,20132061
2017-07-17,144.3447,146.3621,144.1022,145.0624,23793456
2017-07-18,144.7133,145.6153,144.1992,145.5668,17868792
2017-07-19,145.9548,146.8665,145.4407,146.4785,20922969
2017-07-20,146.9441,147.1769,145.6735,145.819,17243748
2017-07-21,145.4795,145.916,144.4029,145.7511,26252630
2017-07-24,146.0518,147.8558,145.3922,147.5163,21493160
2017-07-25,147.2351,149.2137,147.2351,148.1468,18853932
2017-07-26,148.7385,149.301,148.4572,148.8451,15780951
2017-07-27,149.1264,149.3592,142.8704,146.0324,32476337
2017-07-28,145.3825,145.7123,144.7036,145.0042,17213653
2017-07-31,145.3922,145.8093,143.6754,144.2574,19845920
2017-08-01,152.3369,154.141,151.9587,153.8209,21194042
2017-08-02,154.4901,154.946,151.464,152.4145,69936800
2017-08-03,152.3272,152.4824,150.3582,150.8917,27097296
2017-08-04,151.3767,152.6667,151.0081,151.687,20559852
2017-08-07,152.3369,154.141,151.9587,154.0343,21870321
2017-08-08,153.8306,156.9634,153.5105,155.2661,36205896
2017-08-09,154.4707,156.4203,154.3252,156.2166,26131530
2017-08-10,155.7006,155.798,150.569,151.2409,40804273
2017-08-11,152.4872,154.4082,151.9712,153.3441,26257096
2017-08-14,155.1358,156.0024,154.5808,155.6519,22122734
2017-08-15,156.4406,157.9353,155.9343,157.3559,29465487
2017-08-16,157.687,158.242,155.944,156.723,27671612
2017-08-17,156.3043,156.4893,153.6947,153.7142,27940565
2017-08-18,153.7142,155.3111,152.6041,153.3636,27428069
2017-08-21,153.3636,153.7434,151.0365,153.0812,26368528
2017-08-22,154.0744,155.798,153.87,155.5837,21604585
2017-08-23,154.8924,156.2556,154.7074,155.7785,19399081
2017-08-24,156.2167,156.5185,154.386,155.0871,19818918
2017-08-25,155.4571,156.3432,155.0871,155.6616,25480063
2017-08-28,155.9343,157.7454,155.7298,157.2293,25965972
2017-08-29,155.8953,158.836,155.798,158.6315,29516910
2017-08-30,159.4982,159.5858,158.3394,159.06,27269584
2017-08-31,159.3424,160.1992,159.1866,159.6929,26785096
2017-09-01,160.4719,160.6082,159.3326,159.7416,16591051
2017-09-05,159.4495,159.9363,156.3432,157.8233,29536314
2017-09-06,158.4368,158.7094,156.3043,157.6578,21651726
2017-09-07,157.8331,157.9791,156.1485,157.0249,21928502
2017-09-08,156.6354,156.9178,154.3666,154.4639,28611535
2017-09-11,156.2848,157.7941,155.6908,157.2586,31580798
2017-09-12,158.3394,159.654,154.6003,156.6354,71714046
2017-09-13,155.6714,155.759,153.7628,155.4571,44907361
2017-09-14,154.8145,155.2137,153.9381,154.1231,23760749
2017-09-15,154.3081,156.7425,153.8505,155.6811,49114602
2017-09-18,155.9051,156.2848,153.8456,154.5029,28269435
2017-09-19,155.3208,155.574,154.2789,154.5613,20810632
2017-09-20,153.7531,154.1037,149.79,151.9712,52951364
2017-09-21,151.7083,151.7083,148.7384,149.3616,37511661
2017-09-22,148.0275,148.271,146.6059,147.9009,46645443
2017-09-25,146.0508,147.8425,145.2426,146.5961,44387336
2017-09-26,147.7938,149.8776,147.7062,149.1181,36660045
2017-09-27,149.7608,150.6556,149.5076,150.1795,25504227
2017-09-28,149.8484,150.2282,148.6897,149.2544,22005455
2017-09-29,149.1863,150.0821,148.0081,150.0724,26299810
2017-10-02,150.2087,150.3937,148.7091,149.7705,18698842
2017-10-03,149.9653,151.0169,149.8679,150.4229,16230293
2017-10-04,149.5952,149.8192,148.456,149.4492,20163750
2017-10-05,150.1308,151.3577,150.0042,151.309,21283769
2017-10-06,150.9001,151.4064,150.5008,151.2214,17407558
2017-10-09,151.718,152.6138,151.4015,151.7472,16262923
2017-10-10,151.9566,153.8505,151.0266,151.8056,15617014
2017-10-11,151.8738,152.8573,151.6596,152.4386,16905640
2017-10-12,152.2438,153.237,151.64,151.903,16125054
2017-10-13,152.6138,153.1494,152.3022,152.867,16394188
2017-10-16,153.7531,155.798,153.5097,155.6811,24121452
2017-10-17,155.5837,156.6451,155.0482,156.2556,18997275
2017-10-18,156.2069,156.4893,155.4085,155.5643,16374164
2017-10-19,152.6333,152.9546,150.9487,151.8835,42584166
2017-10-20,152.497,153.607,151.8641,152.1464,23974146
2017-10-23,152.7696,153.5486,151.4161,152.0685,21984327
2017-10-24,152.1854,153.2857,152.0978,152.9741,17757230
2017-10-25,152.7891,153.4123,151.1922,152.3022,21207098
2017-10-26,153.1007,153.6845,152.6625,153.276,17000469
2017-10-27,155.1066,159.3034,154.5321,158.7679,44454160
2017-10-30,159.5858,163.656,159.4203,162.3415,44700772
2017-10-31,163.4905,165.1944,162.5557,164.6005,36046828
2017-11-01,165.4087,165.4769,161.2606,162.507,33637762
2017-11-02,163.2373,164.0747,160.9393,163.695,41393373
2017-11-03,169.4303,169.6834,166.6259,167.9697,59398631
2017-11-06,167.8382,170.3943,167.2102,169.6737,35026306
2017-11-07,169.3426,170.6474,169.0408,170.219,24361485
2017-11-08,170.0729,171.6114,169.7516,171.6114,24409527
2017-11-09,170.5111,171.4703,168.5929,171.2609,29185668
2017-11-10,171.1241,171.3879,170.3032,170.6941,25145500
2017-11-13,169.5507,170.528,169.453,170.01,16982080
2017-11-14,169.1012,169.5312,167.2835,167.4399,24782487
2017-11-15,166.1011,166.4428,164.5473,165.2313,29158070
2017-11-16,167.2835,167.9578,166.4236,167.2054,23637484
2017-11-17,167.1467,167.4888,165.7786,166.277,21899544
2017-11-20,166.4138,166.6777,165.7004,166.1109,16262447
2017-11-21,166.8927,169.7462,166.8927,169.1989,25131295
2017-11-22,169.4139,171.0166,169.111,170.9775,25588925
2017-11-24,171.1143,171.5052,170.6706,170.9873,14026673
2017-11-27,171.0655,171.0948,169.3944,170.1273,20716802
2017-11-28,170.3325,170.8896,167.9481,169.1305,26428802
2017-11-29,168.7005,168.9839,163.3551,165.6222,41666364
2017-11-30,166.5506,168.2217,164.6059,167.9383,41527218
2017-12-01,166.0815,167.7624,164.6646,167.1565,39759288
2017-12-04,168.554,168.6908,165.7688,165.935,32542385
2017-12-05,165.2118,167.6158,164.5668,165.7786,27350154
2017-12-06,163.6873,166.3304,162.671,165.1629,28560000
2017-12-07,165.1825,166.5604,165.0652,165.4659,25673308
2017-12-08,166.6093,167.1076,164.9773,165.5147,23355231
2017-12-11,165.3486,168.9546,164.9479,168.7396,35273759
2017-12-12,168.2315,168.466,167.5582,167.7917,19409230
2017-12-13,168.5735,169.5898,168.0849,168.3487,23818447
2017-12-14,168.4758,169.1892,167.7429,168.2999,20476541
2017-12-15,169.6778,170.2055,168.5344,170.01,40169307
2017-12-18,170.8993,173.1665,170.8798,172.4043,29421114
2017-12-19,171.0459,171.3977,170.1273,170.5671,27436447
2017-12-20,170.8896,171.427,169.3064,170.3814,23475649
2017-12-21,170.2055,172.0134,170.1371,171.0264,20949896
2017-12-22,170.7039,171.4309,170.528,171.0264,16349444
2017-12-26,166.9122,167.5669,165.8167,166.6874,33185536
2017-12-27,166.2281,166.8927,165.847,166.7167,21498213
2017-12-28,167.1076,167.9383,166.5995,167.1858,16480187
2017-12-29,166.6386,166.707,165.3682,165.3779,25999922
2018-01-02,166.2868,168.3781,165.4073,168.339,25555934
2018-01-03,168.6028,170.5768,168.0458,168.3096,29517899
2018-01-04,168.6126,169.5214,168.1631,169.0914,22434597
2018-01-05,169.4921,171.3782,169.111,171.0166,23660018
2018-01-08,170.3814,171.6127,169.971,170.3814,20567766
2018-01-09,170.5768,171.0752,169.4628,170.3618,21583997
2018-01-10,169.2185,170.3325,169.0621,170.3228,23959895
2018-01-11,170.6159,171.4941,170.5182,171.2902,18667729
2018-01-12,172.1697,173.3229,171.6518,173.059,25418080
2018-01-16,173.8506,175.3067,172.1306,172.1795,29565947
2018-01-17,172.1404,175.1699,171.085,175.0233,34386836
2018-01-18,175.2871,176.0005,174.1926,175.1796,31193352
2018-01-19,174.5444,175.4923,173.3717,174.3978,32425067
2018-01-22,173.2642,173.7333,172.5817,172.9711,27108551
2018-01-23,173.2642,175.3555,172.7952,173.0102,32689146
2018-01-24,173.2154,173.2642,169.2576,170.2544,51105090
2018-01-25,170.5329,170.9677,166.6483,167.2151,41529004
2018-01-26,168.0849,168.0849,166.189,167.606,39143011
2018-01-29,166.2868,166.2868,163.2671,164.1368,50640406
2018-01-30,161.7573,163.5603,160.951,163.1694,46048185
2018-01-31,163.0717,164.6076,162.7101,163.6189,32478930
2018-02-01,163.3599,164.7818,162.9642,163.9609,47230787
2018-02-02,162.2215,163.0032,156.4558,156.8467,86593825
2018-02-05,155.4785,160.1497,152.4491,152.9279,72738522
2018-02-06,151.3057,159.9934,150.4946,159.3191,68243838
2018-02-07,159.3728,159.6806,155.4477,155.9085,51608580
2018-02-08,156.6414,157.3353,151.5012,151.6184,54390516
2018-02-09,154.1206,154.9252,147.4189,153.473,70672608
2018-02-12,155.5238,160.8125,154.5523,159.6547,60819539
2018-02-13,158.909,161.6564,158.6146,161.2541,32549163
2018-02-14,159.9834,164.394,159.8215,164.2272,40644933
2018-02-15,166.6018,169.8398,165.8266,169.7417,51147171
2018-02-16,169.1235,171.5373,168.5446,169.1922,40176091
2018-02-20,168.8193,170.9878,168.2012,168.6231,33930540
2018-02-21,169.5847,170.8505,167.7988,167.8577,37471623
2018-02-22,168.574,170.6836,168.4857,169.2609,30991940
2018-02-23,170.4089,172.3517,170.2813,172.2045,33812360
2018-02-26,173.0386,176.0215,172.9012,175.6094,38162174
2018-02-27,175.7369,177.091,174.8146,175.0403,38928125
2018-02-28,175.8939,177.2235,174.7067,174.7753,37782138
2018-03-01,175.1875,176.3993,169.4179,171.7139,48801970
2018-03-02,169.5552,172.9895,169.2118,172.9012,38453950
2018-03-05,171.92,174.4025,171.2429,173.4998,28401366
2018-03-06,174.5693,174.9029,172.8227,173.3526,23788506
2018-03-07,171.6551,172.548,170.9976,171.7434,31703462
2018-03-08,172.1849,173.7941,171.7826,173.6175,23774107
2018-03-09,174.6183,176.62,174.059,176.6004,32185162
2018-03-12,176.9046,178.9652,176.8261,178.3077,32207081
2018-03-13,179.1614,180.0543,175.8743,176.5906,31693529
2018-03-14,176.934,177.1303,174.4712,175.0893,29368356
2018-03-15,175.1482,176.8555,174.7264,175.2954,22743798
2018-03-16,175.2954,175.7566,174.2847,174.6772,39404688
2018-03-19,173.9904,174.1375,170.3991,172.0083,33446771
2018-03-20,171.9494,173.4801,171.6551,171.9494,19649350
2018-03-21,171.7532,171.8022,168.0442,168.054,37054935
2018-03-22,166.8078,169.4375,165.4341,165.6794,41490767
2018-03-23,165.228,166.7293,161.8428,161.8428,41028784
2018-03-26,164.9141,169.8496,163.3147,169.5258,37541236
2018-03-27,170.4187,171.8611,163.7856,165.179,40922579
2018-03-28,164.1095,166.8274,162.0881,163.3539,41668545
2018-03-29,164.654,168.525,163.766,164.6295,38398505
2018-04-02,164.7276,165.7677,161.3817,163.5502,37586791
2018-04-03,164.4921,165.5769,161.784,165.228,30278046
2018-04-04,161.784,168.7801,161.676,168.3876,34605489
2018-04-05,169.3394,170.9588,168.8488,169.5552,26933197
2018-04-06,167.7596,169.2412,165.0416,165.2182,35005290
2018-04-09,166.6901,169.8398,166.6557,166.8569,29017718
2018-04-10,169.7515,170.7327,168.3091,169.9968,28614241
2018-04-11,168.9959,170.6573,168.4759,169.202,22431640
2018-04-12,170.1538,171.7139,169.7907,170.8701,22889285
2018-04-13,171.4981,172.5382,170.5855,171.449,25124255
2018-04-16,171.7435,172.8816,171.5472,172.5185,21578420
2018-04-17,173.1759,175.5765,173.0975,174.8931,26605442
2018-04-18,174.4712,175.4622,173.5586,174.5006,20754538
2018-04-19,171.6649,172.0966,169.4179,169.5552,34808800
2018-04-20,167.3916,168.0033,162.3236,162.6082,65491140
2018-04-23,163.7021,163.7856,161.0088,162.1372,36515477
2018-04-24,162.5591,163.2067,158.1928,159.8804,33692017
2018-04-25,159.5664,162.3138,159.3603,160.5771,28382084
2018-04-26,161.0382,162.618,160.3023,161.1363,27963014
2018-04-27,160.9205,161.2443,157.6138,159.272,35655839
2018-04-30,159.0858,164.1193,158.801,162.1568,42427424
2018-05-01,163.2854,166.0228,162.1666,165.9247,53569376
2018-05-02,171.9347,174.4123,170.5365,173.2544,66539371
2018-05-03,172.5774,174.167,171.1655,173.5684,34068180
2018-05-04,174.9029,180.7902,174.8244,180.3781,56201317
2018-05-07,181.7028,184.146,181.2808,181.6831,42451423
2018-05-08,181.5163,182.7232,180.2162,182.5564,28402777
2018-05-09,183.047,183.8811,181.742,183.8418,23211241
2018-05-10,184.2147,186.7953,184.1264,186.4715,27989289
2018-05-11,186.6488,187.2102,184.6393,185.7623,26212221
2018-05-14,186.176,186.6882,185.0432,185.3288,20778772
2018-05-15,183.9794,184.265,182.3246,183.6445,23695159
2018-05-16,183.28,185.6342,183.2111,185.3584,19183064
2018-05-17,185.1811,186.0775,183.5657,184.1862,17294029
2018-05-18,184.3832,184.9941,183.3391,183.5164,18297728
2018-05-21,185.1811,186.4321,184.108,184.8166,18400787
2018-05-22,185.5505,186.0479,183.9794,184.3537,15240704
2018-05-23,183.5558,185.6736,182.9747,185.5357,20058415
2018-05-24,185.9396,186.0085,183.4179,185.3288,23233975
2018-05-25,185.4076,186.8064,184.8363,185.7524,17460963
2018-05-29,184.7871,185.9199,184.068,185.0826,22514075
2018-05-30,184.9053,185.1811,183.9794,184.6886,18690547
2018-05-31,184.4128,185.4076,183.349,184.068,27482793
2018-06-01,185.1724,187.4072,184.9348,187.3875,23442510
2018-06-04,188.7616,190.5198,188.4809,188.9537,26266174
2018-06-05,190.1702,191.032,189.4757,190.4115,21565963
2018-06-06,190.7267,191.1699,189.0423,191.0714,20933619
2018-06-07,191.229,191.2881,189.4511,190.5592,21347180
2018-06-08,188.3036,189.1211,186.9246,188.8256,26656799
2018-06-11,188.4809,189.0916,187.358,188.3627,18308460
2018-06-12,188.5153,189.723,188.2839,189.3969,16911141
2018-06-13,189.5348,189.9879,187.5845,187.8406,21638393
2018-06-14,188.6779,188.6976,187.3678,187.9391,21610074
2018-06-15,187.1807,187.3087,185.4372,186.0085,61719160
2018-06-18,185.0629,186.3828,184.3931,185.91,18484865
2018-06-19,182.364,183.5361,180.6993,182.9057,33578455
2018-06-20,183.5558,184.3931,182.9451,183.7036,20628701
2018-06-21,184.4423,185.5259,182.167,182.6792,25711898
2018-06-22,183.3293,183.3588,181.9306,182.1473,27200447
2018-06-25,180.6501,182.1473,178.0201,179.4385,31663096
2018-06-26,180.2462,183.7331,179.803,181.6646,24569201
2018-06-27,182.4505,184.4719,181.2706,181.3987,25285328
2018-06-28,181.3396,183.4179,181.0441,182.7186,17365235
2018-06-29,183.4967,184.3832,180.1674,182.3344,22737666
2018-07-02,181.0638,184.4916,180.6698,184.3734,17731343
2018-07-03,184.9742,185.1318,180.788,181.1623,13954806
2018-07-05,182.4822,183.6149,181.5169,182.6201,16604248
2018-07-06,182.6398,185.6086,182.4231,185.1515,17485245
2018-07-09,186.6586,187.8209,186.4616,187.7224,19756634
2018-07-10,187.8505,188.4119,187.3285,187.4959,15939149
2018-07-11,185.6736,186.9343,184.7969,185.0629,18831470
2018-07-12,186.6882,188.54,186.4715,188.1657,18041131
2018-07-13,188.2149,188.9635,188.0376,188.4612,12519792
2018-07-16,188.6483,189.7614,187.5599,188.0475,15043110
2018-07-17,186.9049,188.9931,186.3631,188.5794,15534523
2018-07-18,188.9044,188.9241,187.0822,187.5451,16393381
2018-07-19,186.8458,189.6629,186.8458,189.0029,20286752
2018-07-20,188.9044,189.5447,187.3186,188.5695,20706042
2018-07-23,187.8209,189.0817,186.7177,188.737,15989365
2018-07-24,189.5644,190.7563,189.1704,190.1061,18697898
2018-07-25,190.1654,191.9284,189.5447,191.8988,16826483
2018-07-26,191.692,193.0217,190.707,191.298,19075964
2018-07-27,192.0663,192.2633,187.2496,188.1164,24023972
2018-07-30,189.0226,189.3181,186.2351,187.0625,21029535
2018-07-31,187.4466,189.259,186.501,187.4368,39373038
2018-08-01,196.1442,198.7348,194.3515,198.4787,67935716
2018-08-02,197.5725,205.2555,197.3459,204.2804,62404012
2018-08-03,203.9258,205.6101,202.3993,204.8714,33447396
2018-08-06,204.8812,206.1125,203.9652,205.9352,25425387
2018-08-07,206.1814,206.3587,203.6598,204.0046,25587387
2018-08-08,202.9605,204.6941,201.4534,204.1425,22525487
2018-08-09,204.172,206.6345,204.0932,205.748,23492626
2018-08-10,204.9672,206.6871,204.2851,205.1352,24611202
2018-08-13,205.3032,208.5177,205.3032,206.4597,25890880
2018-08-14,207.7299,208.1302,205.8568,207.3296,20748010
2018-08-15,206.8057,208.3082,205.926,207.8139,28807564
2018-08-16,209.3065,211.3448,209.0297,210.8584,28500367
2018-08-17,210.977,215.435,210.7002,215.0692,35426997
2018-08-20,215.5832,216.6508,212.6277,212.9737,30287695
2018-08-21,214.2982,214.6837,211.5553,212.5585,26159755
2018-08-22,211.6294,213.8633,211.3724,212.5684,19018131
2018-08-23,212.173,214.5454,212.1236,213.0034,18883224
2018-08-24,214.1005,214.3971,212.6277,213.6656,18476356
2018-08-27,214.6442,216.2159,213.8337,215.4251,20525117
2018-08-28,216.4827,217.9951,216.3938,217.1648,22776766
2018-08-29,217.6096,220.911,216.8781,220.4069,27254804
2018-08-30,220.6738,225.626,219.8336,222.4333,48793824
2018-08-31,223.8962,226.229,223.3921,225.0033,43340134
2018-09-04,225.7743,226.5354,224.0148,225.7248,27390132
2018-09-05,226.3476,227.0197,222.5025,224.252,33332960
2018-09-06,223.6194,224.7265,218.7463,220.5255,34289976
2018-09-07,219.29,222.7693,218.1631,218.7463,37619810
2018-09-10,218.4004,219.29,213.972,215.8106,39516453
2018-09-11,215.4943,221.7107,214.061,221.2669,35749049
2018-09-12,222.3443,222.4036,217.3032,218.519,49278740
2018-09-13,220.9407,225.715,220.0017,223.7973,41706377
2018-09-14,223.145,224.2224,219.9542,221.257,31999289
2018-09-17,219.5865,220.3773,214.7628,215.3658,37195133
2018-09-18,215.2768,219.29,214.6145,215.7216,31571712
2018-09-19,215.9786,217.0857,212.8155,215.8501,27123833
2018-09-20,217.6985,219.715,216.6211,217.491,26608794
2018-09-21,218.2323,218.8056,214.7826,215.1483,96246748
2018-09-24,214.318,218.7068,214.1302,218.2422,27693358
2018-09-25,217.2142,220.2488,217.1648,219.626,24554379
2018-09-26,218.4498,221.168,217.2241,217.8765,23984706
2018-09-27,221.2372,223.827,220.9605,222.3542,30181227
2018-09-28,222.196,223.2339,221.4349,223.1351,22929364
2018-10-01,225.3196,226.7726,223.738,224.6375,23600802
2018-10-02,224.6277,227.3459,224.0148,226.6342,24788170
2018-10-03,227.3953,230.7759,227.1285,229.392,28654799
2018-10-04,228.1169,229.6688,224.1137,225.3591,32042000
2018-10-05,225.3295,225.7743,218.0346,221.7018,33580463
2018-10-08,219.6458,222.2059,217.659,221.1878,29663923
2018-10-09,221.0593,224.6474,219.6816,224.252,26891029
2018-10-10,222.8583,223.738,213.5569,213.8633,41990554
2018-10-11,212.0445,216.9671,209.8699,211.9754,53124392
2018-10-12,217.8765,220.3081,214.3378,219.547,40337851
2018-10-15,218.6079,219.2702,214.7628,214.8518,30791007
2018-10-16,216.4037,220.4168,214.2614,219.5865,29183963
2018-10-17,219.7348,220.0708,216.8089,218.6376,22885397
2018-10-18,215.346,217.2043,210.5421,213.5272,32581315
2018-10-19,215.5437,218.7068,214.921,216.7793,33078726
2018-10-22,217.2537,220.7825,216.4135,218.1038,28792082
2018-10-23,213.3394,220.6738,212.2225,220.1598,38767846
2018-10-24,220.0313,221.6425,212.0643,212.608,40925163
2018-10-25,215.1977,218.8254,214.2488,217.2636,29855768
2018-10-26,213.4086,217.6491,210.2159,213.804,47258375
2018-10-29,216.6607,217.1549,203.7118,209.7909,45935520
2018-10-30,208.7134,212.6969,206.8551,210.8386,36659990
2018-10-31,214.3773,217.9061,214.1203,216.3345,38358933
2018-11-01,216.5223,219.7941,214.3081,219.6557,58323180
2018-11-02,207.1319,211.1846,203.0594,205.0858,91328654
2018-11-05,201.9425,202.0314,195.8832,199.2638,66163669
2018-11-06,199.5899,202.3576,199.3626,201.4186,31882881
2018-11-07,203.5932,207.636,201.7744,207.5273,33424434
2018-11-08,208.2811,208.42,205.0773,206.8032,25362636
2018-11-09,203.887,204.3433,200.6137,202.8157,34365750
2018-11-12,197.39,198.2331,192.2221,192.599,51135518
2018-11-13,190.0796,195.5847,189.9012,190.6747,46882936
2018-11-14,192.3312,192.9065,184.4257,185.2887,60800957
2018-11-15,186.8658,190.4168,185.3879,189.8614,46478801
2018-11-16,188.9587,193.3921,187.9272,191.9642,36928253
2018-11-19,188.4628,189.1571,183.4933,184.3563,41920872
2018-11-20,176.9269,180.0018,174.09,175.5481,67825247
2018-11-21,178.2759,178.8115,175.1216,175.3497,31124210
2018-11-23,173.5246,175.1662,170.7076,170.8961,23623972
2018-11-26,172.8303,173.5345,168.8825,173.2072,44998520
2018-11-27,170.1224,173.356,169.4975,172.8303,41387377
2018-11-28,175.3001,179.8233,173.5147,179.4761,46062539
2018-11-29,181.1822,181.321,176.2623,178.0973,41769992
2018-11-30,178.8313,178.871,175.5977,177.1352,39531549
2018-12-03,182.9676,183.4437,179.7439,183.3247,40798002
2018-12-04,179.486,180.9143,174.8439,175.2605,41344282
2018-12-06,170.3704,173.3659,169.0412,173.3064,43098410
2018-12-07,172.0864,173.0783,166.9384,167.1268,42281631
2018-12-10,163.665,168.7139,162.0086,168.2278,62025994
2018-12-11,170.2712,170.4001,165.6489,167.2657,47281665
2018-12-12,169.0214,170.5291,167.6525,167.7319,35627674
2018-12-13,169.1106,171.1738,168.1782,169.5669,31897827
2018-12-14,167.6327,167.712,163.9428,164.1412,40703710
2018-12-17,164.1114,166.9879,161.4134,162.6136,44287922
2018-12-18,164.042,166.1746,163.06,164.7264,33841518
2018-12-19,164.657,166.0952,157.8029,159.5883,49047297
2018-12-20,159.1023,160.7984,154.0435,155.5611,64772960
2018-12-21,155.5909,156.8804,148.4194,149.5105,95744384
2018-12-24,146.9514,150.3239,145.404,145.6421,37169232
2018-12-26,147.1002,155.9579,145.5329,155.8984,58582544
2018-12-27,154.5792,155.5016,148.8558,154.8867,53117065
2018-12-28,156.2257,157.2375,153.2996,154.966,42291424
2018-12-31,157.2474,158.0707,155.214,156.4638,35003466
2019-01-02,153.6368,157.5648,152.9822,156.6423,37039737
2019-01-03,142.8151,144.541,140.8511,141.0396,91312195
2019-01-04,143.3607,147.348,142.6366,147.0605,58607070
2019-01-07,147.4969,147.6259,144.7196,146.7332,54777764
2019-01-08,148.35,150.5917,147.3184,149.5303,41025314
2019-01-09,150.066,153.2798,148.4194,152.0696,45099081
2019-01-10,151.2662,152.7243,149.6395,152.5557,35780670
2019-01-11,151.6431,152.4565,150.2842,151.0579,27023241
2019-01-14,149.6295,150.0461,148.0127,148.7864,32439186
2019-01-15,149.0542,152.149,148.836,151.8316,28710324
2019-01-16,151.8415,154.6188,151.7621,153.6864,30569706
2019-01-17,152.9524,156.3844,152.02,154.599,29821160
2019-01-18,156.2257,156.6027,154.7186,155.5512,33751023
2019-01-22,155.1445,155.462,151.3852,152.0597,30393970
2019-01-23,152.9028,153.8848,150.4727,152.6747,23130570
2019-01-24,152.8632,153.2302,150.5123,151.4646,25441549
2019-01-25,154.2221,156.8506,153.0715,156.4836,33547893
2019-01-28,154.5296,155.0652,152.4168,155.0354,26192058
2019-01-29,154.9858,156.8506,152.8632,153.4285,41587239
2019-01-30,161.9292,164.8057,158.9336,163.913,61109780
2019-01-31,164.7661,167.6327,163.2286,165.0934,40739649
2019-02-01,165.6092,167.6128,164.5875,165.1728,32668138
2019-02-04,166.0556,170.2662,165.9266,169.8645,31495582
2019-02-05,171.4615,173.6635,170.9557,172.7708,36101628
2019-02-06,173.237,174.1495,171.4546,172.8303,28239591
2019-02-07,171.0052,172.5327,168.9618,169.557,31741690
2019-02-08,168.3418,170.0053,167.7739,169.7563,23819966
2019-02-11,170.3939,170.5532,168.6008,168.7801,20993425
2019-02-12,169.4475,170.344,169.049,170.2345,22283523
2019-02-13,170.7325,171.8184,169.2682,169.5272,22490233
2019-02-14,169.059,170.6045,168.7303,170.1448,21835747
2019-02-15,170.5931,171.0414,169.0988,169.7663,24626814
2019-02-19,169.059,170.7824,168.8398,170.2743,18972826
2019-02-20,170.5333,172.6551,170.3341,171.3701,26114362
2019-02-21,171.141,171.7088,169.6467,170.4038,17249670
2019-02-22,170.9218,172.3364,170.7226,172.3065,18913154
2019-02-25,173.4919,175.1954,173.2827,173.5617,21873358
2019-02-26,173.0436,174.6275,172.5089,173.6613,17070211
2019-02-27,172.5456,174.3287,172.0674,174.1992,27835389
2019-02-28,173.6513,174.239,172.2567,172.4858,28215416
2019-03-01,173.6115,174.4781,172.2268,174.2988,25886167
2019-03-04,175.0161,177.0682,173.3027,175.1754,27436203
2019-03-05,175.2651,175.3249,173.8705,174.8567,19737419
2019-03-06,174.0,174.8168,173.2728,173.8505,20810384
2019-03-07,173.203,173.7708,171.3601,171.8383,24796374
2019-03-08,169.6667,172.4061,168.8498,172.2467,23999358
2019-03-11,174.8168,178.4329,174.6774,178.2137,32011034
2019-03-12,179.3095,181.9693,178.6819,180.216,32467584
2019-03-13,181.5509,182.5969,180.226,181.013,31032524
2019-03-14,183.1946,183.3938,181.8597,183.0252,23579508
2019-03-15,184.1409,186.6114,183.0352,185.406,39042912
2019-03-18,185.0873,187.6673,185.0773,187.2988,26219832
2019-03-19,187.6275,188.265,185.2068,185.8145,31646369
2019-03-20,185.5156,188.7631,184.0214,187.4382,31035231
2019-03-21,189.2911,195.5769,189.0819,194.3416,51034237
2019-03-22,194.5907,196.9317,190.0482,190.3171,42407666
2019-03-25,190.7754,191.2436,185.8842,188.016,43845293
2019-03-26,190.9288,192.1401,183.872,186.0735,49800538
2019-03-27,188.026,189.0321,185.8344,187.747,29848427
2019-03-28,188.2252,188.8319,186.8106,187.9961,20780363
2019-03-29,189.1018,189.3509,187.8168,189.2214,23563961
2019-04-01,190.9049,190.9447,187.6574,190.5064,27861964
2019-04-02,190.357,193.7141,190.3171,193.2757,22765732
2019-04-03,192.5087,195.7462,192.4091,194.6006,23271830
2019-04-04,194.0428,195.6167,192.3991,194.9393,19114275
2019-04-05,195.6964,196.3439,195.1784,196.2443,18526644
2019-04-08,195.6665,199.4619,195.5868,199.3324,25881697
2019-04-09,199.5516,202.0719,198.4658,198.7347,35768237
2019-04-10,197.9179,199.97,197.4198,199.8504,21695288
2019-04-11,200.0795,200.229,197.6819,198.1868,20900808
2019-04-12,198.4359,199.3723,195.4573,198.1071,27760668
2019-04-15,197.8182,199.0834,197.2504,198.4658,17536646
2019-04-16,198.6949,200.5975,197.7983,198.4857,25696385
2019-04-17,198.7746,202.5998,197.8481,202.3508,28906780
2019-04-18,202.3408,203.3669,201.7431,203.078,24195766
2019-04-22,202.0519,204.1539,201.5638,203.7454,19439545
2019-04-23,203.6458,206.9531,203.1178,206.6841,23322991
2019-04-24,206.5646,207.6803,206.2558,206.3653,17540609
2019-04-25,206.0366,206.963,204.3332,204.4925,18543206
2019-04-26,204.114,204.2136,201.3447,203.5163,18649102
2019-04-29,203.6159,205.1799,203.078,203.8251,22204716
2019-04-30,202.2811,202.6198,198.3462,199.9002,46534923
2019-05-01,209.0749,214.4841,208.4274,209.7124,64827328
2019-05-02,209.0351,211.8343,207.3316,208.3477,31996324
2019-05-03,210.081,211.0274,209.4236,210.9377,20892378
2019-05-06,203.5063,208.0389,202.7194,207.6803,32443113
2019-05-07,205.0902,206.6218,200.0546,202.0818,38763698
2019-05-08,201.1255,204.5523,200.9761,202.1217,26339504
2019-05-09,199.6313,200.9064,195.9056,199.95,34908607
2019-05-10,197.419,198.85,192.77,197.18,41208712
2019-05-13,187.71,189.48,182.85,185.72,57430623
2019-05-14,186.41,189.7,185.41,188.66,36529677
2019-05-15,186.27,191.75,186.02,190.92,26544718
2019-05-16,189.91,192.4689,188.84,190.08,33031364
2019-05-17,186.93,190.9,186.76,189.0,32879090
2019-05-20,183.52,184.349,180.2839,183.09,38612290
2019-05-21,185.22,188.0,184.7,186.6,28364848
2019-05-22,184.66,185.71,182.55,182.78,29748556
2019-05-23,179.8,180.54,177.81,179.66,36529736
2019-05-24,180.2,182.14,178.62,178.97,23714686
2019-05-28,178.92,180.59,177.91,178.23,27948160
2019-05-29,176.42,179.35,176.0,177.38,28481165
2019-05-30,177.95,179.23,176.67,178.3,21218412
2019-05-31,176.23,177.99,174.99,175.07,27043584
